{
  "episodes": [
    1,
    2,
    3,
    4,
    5,
    6,
    7,
    8,
    9,
    10,
    11,
    12,
    13,
    14,
    15,
    16,
    17,
    18,
    19,
    20,
    21,
    22,
    23,
    24,
    25,
    26,
    27,
    28,
    29,
    30,
    31,
    32,
    33,
    34,
    35,
    36,
    37,
    38,
    39,
    40,
    41,
    42,
    43,
    44,
    45,
    46,
    47,
    48,
    49,
    50
  ],
  "rewards": [
    -2508,
    -2122,
    -1412,
    -2258,
    -2177,
    -2166,
    -1521,
    -2412,
    -2073,
    -2059,
    -2882,
    -1932,
    -1714,
    -2283,
    -1652,
    -1985,
    -2408,
    -2531,
    -2263,
    -2393,
    -2254,
    -1333,
    -2539,
    -2733,
    -2655,
    -1840,
    -2294,
    -1558,
    -2105,
    -2866,
    -2155,
    -2268,
    -1976,
    -2204,
    -2638,
    -2023,
    -1277,
    -2160,
    -1688,
    -1451,
    -568,
    -1842,
    -2506,
    -2203,
    -2527,
    -2122,
    -2623,
    -2502,
    -2473,
    -908
  ],
  "epsilon": [
    0.998770753068713,
    0.9978273581728614,
    0.9971640219050847,
    0.9960179395383475,
    0.9948582513890653,
    0.9936502296154006,
    0.992910234026925,
    0.9916302024228322,
    0.9905003852856447,
    0.9893570149057057,
    0.9879086644337418,
    0.9871038448686941,
    0.9863588608701997,
    0.9851513080238671,
    0.9843142831054634,
    0.9832812929404611,
    0.9818909303485518,
    0.9806005891345695,
    0.9794000858699865,
    0.9780543328047798,
    0.9768715998030132,
    0.9763051771375173,
    0.9751001814692356,
    0.9736824388187236,
    0.972383436792164,
    0.9716106972327324,
    0.9704114956830142,
    0.969737292320807,
    0.9686130464397665,
    0.9671805558543086,
    0.9660061421437054,
    0.9648138579644597,
    0.9639314548394003,
    0.9627369176151861,
    0.9612746654379556,
    0.9601746330846416,
    0.9595699120611136,
    0.9583855717395382,
    0.9576335323996771,
    0.9569634218177815,
    0.9566668083929382,
    0.9557631830301659,
    0.9545596767789342,
    0.953457794057305,
    0.9520619975700761,
    0.9508869238227763,
    0.9495043859324788,
    0.9481001553176828,
    0.9467784743835879,
    0.9463004707650827
  ],
  "losses": [
    5.039564681053162,
    5.22040207862854,
    6.0945916271209715,
    6.562656545639038,
    7.158701858520508,
    7.033060541152954,
    6.447340564727783,
    5.54312952041626,
    7.084040756225586,
    6.276069831848145,
    6.73436026096344,
    5.580672488212586,
    6.4915252304077145,
    6.441194944381714,
    5.510196084976196,
    6.515285272598266,
    7.937603254318237,
    5.426658806800842,
    5.706559381484985,
    5.2267282414436345,
    5.9144968414306645,
    6.0814445686340335,
    6.2645115423202515,
    4.988467082977295,
    4.921620788574219,
    5.288406591415406,
    5.099886093139649,
    5.625936346054077,
    5.4194698858261106,
    5.817753195762634,
    6.318120136260986,
    4.961233363151551,
    5.828514451980591,
    5.321166644096374,
    5.383730587959289,
    6.319938516616821,
    6.015071697235108,
    5.6695634508132935,
    5.574320011138916,
    5.130691010951995,
    5.2165495300292966,
    7.564865140914917,
    6.434899525642395,
    6.0037255334854125,
    5.987714653015137,
    5.6917429494857785,
    6.371863923072815,
    6.214332041740417,
    6.07492666721344,
    5.614962778091431
  ],
  "wins": 0
}